Nume,SKU,Unitate,Unitate_achizitie,Pret,Tip_produs,Categorie,Vanzare_ok,Achizitie_ok,Taxe,Taxe_achizitie
2 X PANZE FER VERT T 118G,EHCON00112,Units,Units,,product,Alte mat. Consumabile,0,1,TVA colectat 19% Bunuri,TVA deductibil 19% Bunuri
"ALCOOL TEHNIC IZOPR. 0,5L",EHCON00113,Units,Units,,product,Alte mat. Consumabile,0,1,TVA colectat 19% Bunuri,TVA deductibil 19% Bunuri
AUTOCOLANT PVC (P+C),EHCON00114,Units,Units,,product,Alte mat. Consumabile,0,1,TVA colectat 19% Bunuri,TVA deductibil 19% Bunuri
BATON CEARA LEMN ALB 22,EHCON00115,Units,Units,,product,Alte mat. Consumabile,0,1,TVA colectat 19% Bunuri,TVA deductibil 19% Bunuri
BURETE DE VASE FINO - 3BUC / SET,EHCON00116,Units,Units,,product,Alte mat. Consumabile,0,1,TVA colectat 19% Bunuri,TVA deductibil 19% Bunuri
BURETE ETANSEIZARE ALB 6,EHCON00117,Units,Units,,product,Alte mat. Consumabile,0,1,TVA colectat 19% Bunuri,TVA deductibil 19% Bunuri
BURGHIU DIN 1897 D 10 HSSCO 1897-5,EHCON00118,Units,Units,,product,Alte mat. Consumabile,0,1,TVA colectat 19% Bunuri,TVA deductibil 19% Bunuri
BURGHIU DIN 1897 D 11 HSSCO 1897-5,EHCON00119,Units,Units,,product,Alte mat. Consumabile,0,1,TVA colectat 19% Bunuri,TVA deductibil 19% Bunuri
BURGHIU DIN 1897 D 13 HSSCO 1897-5,EHCON00120,Units,Units,,product,Alte mat. Consumabile,0,1,TVA colectat 19% Bunuri,TVA deductibil 19% Bunuri
BURGHIU DIN 1897 D 5 HSSCO 1897-5,EHCON00121,Units,Units,,product,Alte mat. Consumabile,0,1,TVA colectat 19% Bunuri,TVA deductibil 19% Bunuri
BURGHIU DIN338 HSSE D5.0 SPB INOX 167717,EHCON00122,Units,Units,,product,Alte mat. Consumabile,0,1,TVA colectat 19% Bunuri,TVA deductibil 19% Bunuri
CAPACE ADEZIV MASCAR 40 ,EHCON00123,Units,Units,,product,Alte mat. Consumabile,0,1,TVA colectat 19% Bunuri,TVA deductibil 19% Bunuri
CLORAMINA BICLOSOL 200 TABLETE,EHCON00124,Units,Units,,product,Alte mat. Consumabile,0,1,TVA colectat 19% Bunuri,TVA deductibil 19% Bunuri
CONDICA DE PRE,EHCON00125,Units,Units,,product,Alte mat. Consumabile,0,1,TVA colectat 19% Bunuri,TVA deductibil 19% Bunuri
DEZINFECTANT MAINI ZHIVASEPT S 1L,EHCON00126,Units,Units,,product,Alte mat. Consumabile,0,1,TVA colectat 19% Bunuri,TVA deductibil 19% Bunuri
DILUANT 0.9 L,EHCON00127,Units,Units,,product,Alte mat. Consumabile,0,1,TVA colectat 19% Bunuri,TVA deductibil 19% Bunuri
DISC TAIERE INOX 115 X 1,EHCON00128,Units,Units,,product,Alte mat. Consumabile,0,1,TVA colectat 19% Bunuri,TVA deductibil 19% Bunuri
"FILE PROTECTIE TRANSPARENTE, 60 MICRONI, 100BUC / SET OPTIMA EXTRA WIDE",EHCON00129,Units,Units,,product,Alte mat. Consumabile,0,1,TVA colectat 19% Bunuri,TVA deductibil 19% Bunuri
"FILM INDEX AUTOADEZIV 45 X 25 MM, STICK'N (CU DISPENCER) VERDE",EHCON00130,Units,Units,,product,Alte mat. Consumabile,0,1,TVA colectat 19% Bunuri,TVA deductibil 19% Bunuri
"FILM INDEX AUTOADEZIV 45 X 25MM, STICK'N (CU DISPENCER) GA",EHCON00131,Units,Units,,product,Alte mat. Consumabile,0,1,TVA colectat 19% Bunuri,TVA deductibil 19% Bunuri
GLADE ODOR BAIE REZERVA,EHCON00132,Units,Units,,product,Alte mat. Consumabile,0,1,TVA colectat 19% Bunuri,TVA deductibil 19% Bunuri
HANDY SAPUN LICHID CLOVIN COCOS 5L,EHCON00133,Units,Units,,product,Alte mat. Consumabile,0,1,TVA colectat 19% Bunuri,TVA deductibil 19% Bunuri
"MAPA PLASTIC A4, CU CAPSA SI CLAPETA IN V ROSU TRANSP",EHCON00134,Units,Units,,product,Alte mat. Consumabile,0,1,TVA colectat 19% Bunuri,TVA deductibil 19% Bunuri
NOTES AUTOADEZIV ,EHCON00135,Units,Units,,product,Alte mat. Consumabile,0,1,TVA colectat 19% Bunuri,TVA deductibil 19% Bunuri
PANZE T111C T244D T118B,EHCON00136,Units,Units,,product,Alte mat. Consumabile,0,1,TVA colectat 19% Bunuri,TVA deductibil 19% Bunuri
PASTA DE CURATAT 450G,EHCON00137,Units,Units,,product,Alte mat. Consumabile,0,1,TVA colectat 19% Bunuri,TVA deductibil 19% Bunuri
PEE 1000MM X 2MM,EHCON00138,Units,Units,,product,Alte mat. Consumabile,0,1,TVA colectat 19% Bunuri,TVA deductibil 19% Bunuri
PLATINET VENTILATOR,EHCON00139,Units,Units,,product,Alte mat. Consumabile,0,1,TVA colectat 19% Bunuri,TVA deductibil 19% Bunuri
POLISTIREN BAUDEMAN EPS80 G2 0.5X1,EHCON00140,Units,Units,,product,Alte mat. Consumabile,0,1,TVA colectat 19% Bunuri,TVA deductibil 19% Bunuri
PRENADEZ STICKY,EHCON00141,Units,Units,,product,Alte mat. Consumabile,0,1,TVA colectat 19% Bunuri,TVA deductibil 19% Bunuri
PROSOP HARTIE SANO MONOROLA 100M,EHCON00142,Units,Units,,product,Alte mat. Consumabile,0,1,TVA colectat 19% Bunuri,TVA deductibil 19% Bunuri
"PUNGI ZIPLOCK, 70 X 100 MM - 100 BUC / SET VELOFLEX",EHCON00143,Units,Units,,product,Alte mat. Consumabile,0,1,TVA colectat 19% Bunuri,TVA deductibil 19% Bunuri
"RIBON ETICHETE TSC/WAX/RESIN 110mmX300m, 35-S110300-20CC",EHCON00144,Units,Units,,product,Alte mat. Consumabile,0,1,TVA colectat 19% Bunuri,TVA deductibil 19% Bunuri
"ROLA ETICHETE TT 58X43mm, DIAM 40mm, 1000buc/ROLA",EHCON00145,Units,Units,,product,Alte mat. Consumabile,0,1,TVA colectat 19% Bunuri,TVA deductibil 19% Bunuri
SET 10 LAVETE,EHCON00146,Units,Units,,product,Alte mat. Consumabile,0,1,TVA colectat 19% Bunuri,TVA deductibil 19% Bunuri
SET 3 FOLII PROT 12 MICRON,EHCON00147,Units,Units,,product,Alte mat. Consumabile,0,1,TVA colectat 19% Bunuri,TVA deductibil 19% Bunuri
SET 50 LAVETE MICROFIBRA,EHCON00148,Units,Units,,product,Alte mat. Consumabile,0,1,TVA colectat 19% Bunuri,TVA deductibil 19% Bunuri
SPRAY MULTIF 400ML WD-40,EHCON00149,Units,Units,,product,Alte mat. Consumabile,0,1,TVA colectat 19% Bunuri,TVA deductibil 19% Bunuri
SPRAY ZINC DC,EHCON00150,Units,Units,,product,Alte mat. Consumabile,0,1,TVA colectat 19% Bunuri,TVA deductibil 19% Bunuri
STICKER ETICHETA MASURI PREVENTIVE 21X34 CM,EHCON00151,Units,Units,,product,Alte mat. Consumabile,0,1,TVA colectat 19% Bunuri,TVA deductibil 19% Bunuri
"VOPSEA PT METAL SPRAY ZINC 0,4L",EHCON00152,Units,Units,,product,Alte mat. Consumabile,0,1,TVA colectat 19% Bunuri,TVA deductibil 19% Bunuri
VOREL VENTUZE AL 40KG 1,EHCON00153,Units,Units,,product,Alte mat. Consumabile,0,1,TVA colectat 19% Bunuri,TVA deductibil 19% Bunuri
WOLFCRAFT PIATRA SLEF 20,EHCON00154,Units,Units,,product,Alte mat. Consumabile,0,1,TVA colectat 19% Bunuri,TVA deductibil 19% Bunuri
AMBALAJ CUTIE CARTON FEFCO 0200 570X465X1245,EHAMBJ00035,Units,Units,,product,Ambalaje,0,1,TVA colectat 19% Bunuri,TVA deductibil 19% Bunuri
AMB BANDA PP 16,EHAMBJ00036,Units,Units,,product,Ambalaje,0,1,TVA colectat 19% Bunuri,TVA deductibil 19% Bunuri
C.L. PLATFORMA BOARD EvTh 1800 x 800 x 145,EHAMBJ00037,Units,Units,,product,Ambalaje,0,1,TVA colectat 19% Bunuri,TVA deductibil 19% Bunuri
AMB CUTIE CARTON CENTRALA MODEL 2018; 487x335x725,EHAMBJ00038,Units,Units,,product,Ambalaje,0,1,TVA colectat 19% Bunuri,TVA deductibil 19% Bunuri
PALET LEMN RECONDITIONAT 800X1200,EHAMBJ00039,Units,Units,,product,Ambalaje,0,1,TVA colectat 19% Bunuri,TVA deductibil 19% Bunuri
BACK BRACKET L=1250 mm,EHMAPR00621,Units,Units,,product,Materii Prime Generale,0,1,TVA colectat 19% Bunuri,TVA deductibil 19% Bunuri
BANDA ADEZIVA 48X66 TRANSPARENT,EHMAPR00622,Units,Units,,product,Materii Prime Generale,0,1,TVA colectat 19% Bunuri,TVA deductibil 19% Bunuri
BANDA ETANS ALB 4:6MM 6,EHMAPR00623,Units,Units,,product,Materii Prime Generale,0,1,TVA colectat 19% Bunuri,TVA deductibil 19% Bunuri
BANDA ETANS PROFIL E ALB,EHMAPR00624,Units,Units,,product,Materii Prime Generale,0,1,TVA colectat 19% Bunuri,TVA deductibil 19% Bunuri
BANDA ETANSARE BURETE 1,EHMAPR00625,Units,Units,,product,Materii Prime Generale,0,1,TVA colectat 19% Bunuri,TVA deductibil 19% Bunuri
BANDA MASCARE 48MM X 25,EHMAPR00626,Units,Units,,product,Materii Prime Generale,0,1,TVA colectat 19% Bunuri,TVA deductibil 19% Bunuri
BANDA PP 16X0.7 MANUAL,EHMAPR00627,Units,Units,,product,Materii Prime Generale,0,1,TVA colectat 19% Bunuri,TVA deductibil 19% Bunuri
BARA ROT OTEL 12X12X1 1,EHMAPR00628,Units,Units,,product,Materii Prime Generale,0,1,TVA colectat 19% Bunuri,TVA deductibil 19% Bunuri
BAT. LI-TY LS17500 SAFT CU FIRE 10 CM SI FOLIE,EHMAPR00629,Units,Units,,product,Materii Prime Generale,0,1,TVA colectat 19% Bunuri,TVA deductibil 19% Bunuri
BRASS NUT 1-24.50,EHMAPR00630,Units,Units,,product,Materii Prime Generale,0,1,TVA colectat 19% Bunuri,TVA deductibil 19% Bunuri
BRASS NUT 3/4-19,EHMAPR00631,Units,Units,,product,Materii Prime Generale,0,1,TVA colectat 19% Bunuri,TVA deductibil 19% Bunuri
BUCSA 1/4 ROBINET GOLIRE,EHMAPR00632,Units,Units,,product,Materii Prime Generale,0,1,TVA colectat 19% Bunuri,TVA deductibil 19% Bunuri
CAPAC INT 22,EHMAPR00633,Units,Units,,product,Materii Prime Generale,0,1,TVA colectat 19% Bunuri,TVA deductibil 19% Bunuri
CAPAC MOBILA ADEZIV 012MM ALB MAT - 100BUC,EHMAPR00634,Units,Units,,product,Materii Prime Generale,0,1,TVA colectat 19% Bunuri,TVA deductibil 19% Bunuri
"COLIER 150 X 3,5 100BUC",EHMAPR00635,Units,Units,,product,Materii Prime Generale,0,1,TVA colectat 19% Bunuri,TVA deductibil 19% Bunuri
"COLIER 300 X 3,16 100BUC",EHMAPR00636,Units,Units,,product,Materii Prime Generale,0,1,TVA colectat 19% Bunuri,TVA deductibil 19% Bunuri
COLIER NI CU GARNITURA,EHMAPR00637,Units,Units,,product,Materii Prime Generale,0,1,TVA colectat 19% Bunuri,TVA deductibil 19% Bunuri
COLIER NI CU GARNITURA 1,EHMAPR00638,Units,Units,,product,Materii Prime Generale,0,1,TVA colectat 19% Bunuri,TVA deductibil 19% Bunuri
COLIER NI CU GARNITURA 1 1/2,EHMAPR00639,Units,Units,,product,Materii Prime Generale,0,1,TVA colectat 19% Bunuri,TVA deductibil 19% Bunuri
COLIER NI CU GARNITURA 1/2,EHMAPR00640,Units,Units,,product,Materii Prime Generale,0,1,TVA colectat 19% Bunuri,TVA deductibil 19% Bunuri
COLIER NI CU GARNITURA 3/4,EHMAPR00641,Units,Units,,product,Materii Prime Generale,0,1,TVA colectat 19% Bunuri,TVA deductibil 19% Bunuri
COLIER NI CU GARNITURAa 1 1/4,EHMAPR00642,Units,Units,,product,Materii Prime Generale,0,1,TVA colectat 19% Bunuri,TVA deductibil 19% Bunuri
"COLTAR PERFORAT 90° TIP 9 - 160x40x2,5 MM - ZA",EHMAPR00643,Units,Units,,product,Materii Prime Generale,0,1,TVA colectat 19% Bunuri,TVA deductibil 19% Bunuri
CONNECTOR 6X11 DEXTER,EHMAPR00644,Units,Units,,product,Materii Prime Generale,0,1,TVA colectat 19% Bunuri,TVA deductibil 19% Bunuri
CONNECTOR 8X13 DEXTER,EHMAPR00645,Units,Units,,product,Materii Prime Generale,0,1,TVA colectat 19% Bunuri,TVA deductibil 19% Bunuri
COPPER TAP CONNECTOR WITH FLAT JOINT 359GCU 22-1.1/4,EHMAPR00646,Units,Units,,product,Materii Prime Generale,0,1,TVA colectat 19% Bunuri,TVA deductibil 19% Bunuri
COPPER TAP CONNECTOR WITH FLAT JOINT 359GCU 35-1.1/2,EHMAPR00647,Units,Units,,product,Materii Prime Generale,0,1,TVA colectat 19% Bunuri,TVA deductibil 19% Bunuri
COT 90 DE 40 MM PPR ALB,EHMAPR00648,Units,Units,,product,Materii Prime Generale,0,1,TVA colectat 19% Bunuri,TVA deductibil 19% Bunuri
"COT 90 FILET METALIC EXT 20X1/2"" PPR ALB",EHMAPR00649,Units,Units,,product,Materii Prime Generale,0,1,TVA colectat 19% Bunuri,TVA deductibil 19% Bunuri
COT 90° || ?18 (10 BUC),EHMAPR00650,Units,Units,,product,Materii Prime Generale,0,1,TVA colectat 19% Bunuri,TVA deductibil 19% Bunuri
COT 90° IE ?18 (10 BUC),EHMAPR00651,Units,Units,,product,Materii Prime Generale,0,1,TVA colectat 19% Bunuri,TVA deductibil 19% Bunuri
COT CUPRU 18 MT,EHMAPR00652,Units,Units,,product,Materii Prime Generale,0,1,TVA colectat 19% Bunuri,TVA deductibil 19% Bunuri
COT PP D50 87GRD,EHMAPR00653,Units,Units,,product,Materii Prime Generale,0,1,TVA colectat 19% Bunuri,TVA deductibil 19% Bunuri
"CUPLA RAPIDA DN 7,2 MAMA FE 3/8",EHMAPR00654,Units,Units,,product,Materii Prime Generale,0,1,TVA colectat 19% Bunuri,TVA deductibil 19% Bunuri
"CUPLA RAPIDA DN 7,2 TATA FE 3/8",EHMAPR00655,Units,Units,,product,Materii Prime Generale,0,1,TVA colectat 19% Bunuri,TVA deductibil 19% Bunuri
"CUPLA RAPIDA DN 7,2 TATA FI 3/8",EHMAPR00656,Units,Units,,product,Materii Prime Generale,0,1,TVA colectat 19% Bunuri,TVA deductibil 19% Bunuri
DISTRIBUITOR 3 X FE 3/8,EHMAPR00657,Units,Units,,product,Materii Prime Generale,0,1,TVA colectat 19% Bunuri,TVA deductibil 19% Bunuri
DOP PP D50,EHMAPR00658,Units,Units,,product,Materii Prime Generale,0,1,TVA colectat 19% Bunuri,TVA deductibil 19% Bunuri
DOPURI DE 15 MM,EHMAPR00659,Units,Units,,product,Materii Prime Generale,0,1,TVA colectat 19% Bunuri,TVA deductibil 19% Bunuri
DOPURI DE 22 MM,EHMAPR00660,Units,Units,,product,Materii Prime Generale,0,1,TVA colectat 19% Bunuri,TVA deductibil 19% Bunuri
DOPURI DE 22 MM,EHMAPR00661,Units,Units,,product,Materii Prime Generale,0,1,TVA colectat 19% Bunuri,TVA deductibil 19% Bunuri
GARN FURTUN 1/2,EHMAPR00662,Units,Units,,product,Materii Prime Generale,0,1,TVA colectat 19% Bunuri,TVA deductibil 19% Bunuri
GARN FURTUN 3/4,EHMAPR00663,Units,Units,,product,Materii Prime Generale,0,1,TVA colectat 19% Bunuri,TVA deductibil 19% Bunuri
GARN FURTUN DUS 1/2,EHMAPR00664,Units,Units,,product,Materii Prime Generale,0,1,TVA colectat 19% Bunuri,TVA deductibil 19% Bunuri
GARNITURA OTEL - CAUCIUC G 3/8,EHMAPR00665,Units,Units,,product,Materii Prime Generale,0,1,TVA colectat 19% Bunuri,TVA deductibil 19% Bunuri
GARNITURI 25 MM,EHMAPR00666,Units,Units,,product,Materii Prime Generale,0,1,TVA colectat 19% Bunuri,TVA deductibil 19% Bunuri
GARNITURI DE 20 MM,EHMAPR00667,Units,Units,,product,Materii Prime Generale,0,1,TVA colectat 19% Bunuri,TVA deductibil 19% Bunuri
"GIACOMINI ROBINET 1/2"" FI-FE R254LX003 CU MANETA",EHMAPR00668,Units,Units,,product,Materii Prime Generale,0,1,TVA colectat 19% Bunuri,TVA deductibil 19% Bunuri
IZOLATIE ELASTOMER PT TEVI INSTALATII INCALZIRE/SANITARE L=2M D.15x6mm,EHMAPR00669,Units,Units,,product,Materii Prime Generale,0,1,TVA colectat 19% Bunuri,TVA deductibil 19% Bunuri
IZOLATIE ELASTOMER PT TEVI INSTALATII INCALZIRE/SANITARE L=2M D.18x9mm,EHMAPR00670,Units,Units,,product,Materii Prime Generale,0,1,TVA colectat 19% Bunuri,TVA deductibil 19% Bunuri
IZOLATIE ELASTOMER PT TEVI INSTALATII INCALZIRE/SANITARE L=2M D.22x9mm,EHMAPR00671,Units,Units,,product,Materii Prime Generale,0,1,TVA colectat 19% Bunuri,TVA deductibil 19% Bunuri
IZOLATIE ELASTOMER PT. TEVI INSTALATII INCALZIRE/SANITARE L=2M D.28x9 mm,EHMAPR00672,Units,Units,,product,Materii Prime Generale,0,1,TVA colectat 19% Bunuri,TVA deductibil 19% Bunuri
IZOLATIE ELASTOMER PT. TEVI INSTALATII INCALZIRE/SANITARE L=2M D.35x13 mm,EHMAPR00673,Units,Units,,product,Materii Prime Generale,0,1,TVA colectat 19% Bunuri,TVA deductibil 19% Bunuri
M 10X60 TORB 603 (1 SUT),EHMAPR00674,Units,Units,,product,Materii Prime Generale,0,1,TVA colectat 19% Bunuri,TVA deductibil 19% Bunuri
MANSON PP D50,EHMAPR00675,Units,Units,,product,Materii Prime Generale,0,1,TVA colectat 19% Bunuri,TVA deductibil 19% Bunuri
MUFA 3/8' NG,EHMAPR00676,Units,Units,,product,Materii Prime Generale,0,1,TVA colectat 19% Bunuri,TVA deductibil 19% Bunuri
MUFA DUBLA 20 MM PPR ALB,EHMAPR00677,Units,Units,,product,Materii Prime Generale,0,1,TVA colectat 19% Bunuri,TVA deductibil 19% Bunuri
MUFA REDUSA INT-EXT 22-1,EHMAPR00678,Units,Units,,product,Materii Prime Generale,0,1,TVA colectat 19% Bunuri,TVA deductibil 19% Bunuri
NIPLU ALAMA 1'',EHMAPR00679,Units,Units,,product,Materii Prime Generale,0,1,TVA colectat 19% Bunuri,TVA deductibil 19% Bunuri
NIPLU ALAMA 3/4'',EHMAPR00680,Units,Units,,product,Materii Prime Generale,0,1,TVA colectat 19% Bunuri,TVA deductibil 19% Bunuri
NIPLU INSURUBAT PUSH-IN TUB 12 FE G 3/8 BRONZ NICHEL,EHMAPR00681,Units,Units,,product,Materii Prime Generale,0,1,TVA colectat 19% Bunuri,TVA deductibil 19% Bunuri
NIPLU REDUS ALAMA 1/2 - 1/4,EHMAPR00682,Units,Units,,product,Materii Prime Generale,0,1,TVA colectat 19% Bunuri,TVA deductibil 19% Bunuri
PIULITA HEX M5 100buc/pac DIN934 OTEL ZINCAT 2003832483001,EHMAPR00683,Units,Units,,product,Materii Prime Generale,0,1,TVA colectat 19% Bunuri,TVA deductibil 19% Bunuri
PIULITA HEXAGONALA DIN 934-8 M 6 ZA - 1000BUC / UTIE,EHMAPR00684,Units,Units,,product,Materii Prime Generale,0,1,TVA colectat 19% Bunuri,TVA deductibil 19% Bunuri
PIULITA HEXAGONALA DIN 934-8 M10 ZA 250BUC / CUTIE,EHMAPR00685,Units,Units,,product,Materii Prime Generale,0,1,TVA colectat 19% Bunuri,TVA deductibil 19% Bunuri
PIULITA M10,EHMAPR00686,Units,Units,,product,Materii Prime Generale,0,1,TVA colectat 19% Bunuri,TVA deductibil 19% Bunuri
PLACA PROTECTIE,EHMAPR00687,Units,Units,,product,Materii Prime Generale,0,1,TVA colectat 19% Bunuri,TVA deductibil 19% Bunuri
PROFIL L 2 m - 90g/mp,EHMAPR00688,Units,Units,,product,Materii Prime Generale,0,1,TVA colectat 19% Bunuri,TVA deductibil 19% Bunuri
"RACORD CU FILET METALIC EXT 40X1 1/4"" PPR HEXAGONAL",EHMAPR00689,Units,Units,,product,Materii Prime Generale,0,1,TVA colectat 19% Bunuri,TVA deductibil 19% Bunuri
"RACORD FILET METALIC EXT 20X1/2"" PPR ALB",EHMAPR00690,Units,Units,,product,Materii Prime Generale,0,1,TVA colectat 19% Bunuri,TVA deductibil 19% Bunuri
RAMIFICATIE PP D50X50 45GRD,EHMAPR00691,Units,Units,,product,Materii Prime Generale,0,1,TVA colectat 19% Bunuri,TVA deductibil 19% Bunuri
RAMIFICATIE PP D50X50 87 GRD,EHMAPR00692,Units,Units,,product,Materii Prime Generale,0,1,TVA colectat 19% Bunuri,TVA deductibil 19% Bunuri
REDUCTIE ALAMA 1/4 - 3/8,EHMAPR00693,Units,Units,,product,Materii Prime Generale,0,1,TVA colectat 19% Bunuri,TVA deductibil 19% Bunuri
REDUCTIE CUPRU 22*18,EHMAPR00694,Units,Units,,product,Materii Prime Generale,0,1,TVA colectat 19% Bunuri,TVA deductibil 19% Bunuri
RFT SET CAPACE D12MM 100 BUC ALB,EHMAPR00695,Units,Units,,product,Materii Prime Generale,0,1,TVA colectat 19% Bunuri,TVA deductibil 19% Bunuri
SAIBA CRESTATA A8,EHMAPR00696,Units,Units,,product,Materii Prime Generale,0,1,TVA colectat 19% Bunuri,TVA deductibil 19% Bunuri
SAIBA CUPRU A18,EHMAPR00697,Units,Units,,product,Materii Prime Generale,0,1,TVA colectat 19% Bunuri,TVA deductibil 19% Bunuri
SAIBA PLATA 8.4MM 100 buc/pac DIN125A OTEL ZINCAT 2003831734005,EHMAPR00698,Units,Units,,product,Materii Prime Generale,0,1,TVA colectat 19% Bunuri,TVA deductibil 19% Bunuri
"SAIBE PLATE DIN 125 A M 6x12x1,6 ZA - 1000BUC / CUTIE",EHMAPR00699,Units,Units,,product,Materii Prime Generale,0,1,TVA colectat 19% Bunuri,TVA deductibil 19% Bunuri
SEMIOLANDEZ 15*1/2,EHMAPR00700,Units,Units,,product,Materii Prime Generale,0,1,TVA colectat 19% Bunuri,TVA deductibil 19% Bunuri
SEMIOLANDEZ 18*3/4,EHMAPR00701,Units,Units,,product,Materii Prime Generale,0,1,TVA colectat 19% Bunuri,TVA deductibil 19% Bunuri
SEMIOLANDEZ 22*3/4,EHMAPR00702,Units,Units,,product,Materii Prime Generale,0,1,TVA colectat 19% Bunuri,TVA deductibil 19% Bunuri
SEMIOLANDEZ 28*1,EHMAPR00703,Units,Units,,product,Materii Prime Generale,0,1,TVA colectat 19% Bunuri,TVA deductibil 19% Bunuri
"SURUB AUTOF T 5, 5X19",EHMAPR00704,Units,Units,,product,Materii Prime Generale,0,1,TVA colectat 19% Bunuri,TVA deductibil 19% Bunuri
"SURUB AUTOFORANT CAP BOMBAT DIN 7504N - 4,8X 16 ZA PH2 - 500BUC / CUTIE",EHMAPR00705,Units,Units,,product,Materii Prime Generale,0,1,TVA colectat 19% Bunuri,TVA deductibil 19% Bunuri
"SURUB CAP CS PLAT DUBLU FILET 4,2x14 RAL 9010 - PH2 - 100 buc / Punga Plastic",EHMAPR00706,Units,Units,,product,Materii Prime Generale,0,1,TVA colectat 19% Bunuri,TVA deductibil 19% Bunuri
"SURUB PT TABLA CAP BOMBAT DIN 4,8x 16 ZA PH2 - 500BUC / CUTIE",EHMAPR00707,Units,Units,,product,Materii Prime Generale,0,1,TVA colectat 19% Bunuri,TVA deductibil 19% Bunuri
TAP CONNECTOR STRAIGHT 359GCU 15-1/2 FLAT JOINT,EHMAPR00708,Units,Units,,product,Materii Prime Generale,0,1,TVA colectat 19% Bunuri,TVA deductibil 19% Bunuri
TAP CONNECTOR STRAIGHT 359GCU 15-3/4 FLAT JOINT,EHMAPR00709,Units,Units,,product,Materii Prime Generale,0,1,TVA colectat 19% Bunuri,TVA deductibil 19% Bunuri
TAP CONNECTOR STRAIGHT 359GCU 18-1' FLAT JOINT,EHMAPR00710,Units,Units,,product,Materii Prime Generale,0,1,TVA colectat 19% Bunuri,TVA deductibil 19% Bunuri
TAP CONNECTOR STRAIGHT 359GCU 18-1/2 FLAT JOINT,EHMAPR00711,Units,Units,,product,Materii Prime Generale,0,1,TVA colectat 19% Bunuri,TVA deductibil 19% Bunuri
TAP CONNECTOR STRAIGHT 359GCU 18-3/4 FLAT JOINT,EHMAPR00712,Units,Units,,product,Materii Prime Generale,0,1,TVA colectat 19% Bunuri,TVA deductibil 19% Bunuri
"TAP CONNECTOR STRAIGHT 359GCU 22-1"" FLAT JOINT",EHMAPR00713,Units,Units,,product,Materii Prime Generale,0,1,TVA colectat 19% Bunuri,TVA deductibil 19% Bunuri
TAP CONNECTOR STRAIGHT 359GCU 22-1/2 FLAT JOINT,EHMAPR00714,Units,Units,,product,Materii Prime Generale,0,1,TVA colectat 19% Bunuri,TVA deductibil 19% Bunuri
TAP CONNECTOR STRAIGHT 359GCU 22-3/4 FLAT JOINT,EHMAPR00715,Units,Units,,product,Materii Prime Generale,0,1,TVA colectat 19% Bunuri,TVA deductibil 19% Bunuri
TAP CONNECTOR STRAIGHT 359GCU 32-1.1/4 FLAT JOINT,EHMAPR00716,Units,Units,,product,Materii Prime Generale,0,1,TVA colectat 19% Bunuri,TVA deductibil 19% Bunuri
"TAP CONNECTOR STRAIGHT 359GCU 32-1"" FLAT JOINT",EHMAPR00717,Units,Units,,product,Materii Prime Generale,0,1,TVA colectat 19% Bunuri,TVA deductibil 19% Bunuri
TAP CONNECTOR STRAIGHT 359GCU 35-1.1/4 FLAT JOINT,EHMAPR00718,Units,Units,,product,Materii Prime Generale,0,1,TVA colectat 19% Bunuri,TVA deductibil 19% Bunuri
TEAVA CUPRU 22X1 (2.5M) CS,EHMAPR00719,m,m,,product,Materii Prime Generale,0,1,TVA colectat 19% Bunuri,TVA deductibil 19% Bunuri
TEAVA CUPRU D10x1 (3m) CS,EHMAPR00720,m,m,,product,Materii Prime Generale,0,1,TVA colectat 19% Bunuri,TVA deductibil 19% Bunuri
TEAVA PPR CS CU FIBRA COMPOZITA PN 20X20 MM 4M,EHMAPR00721,m,m,,product,Materii Prime Generale,0,1,TVA colectat 19% Bunuri,TVA deductibil 19% Bunuri
TEAVA PPR CU FIBRA CS COMPOZITA MM PN 20X40 - 4M,EHMAPR00722,m,m,,product,Materii Prime Generale,0,1,TVA colectat 19% Bunuri,TVA deductibil 19% Bunuri
TEAVA ROTUNDA OTEL 8X8X1,EHMAPR00723,m,m,,product,Materii Prime Generale,0,1,TVA colectat 19% Bunuri,TVA deductibil 19% Bunuri
TEAVA ZINCATA 3/4X2.6,EHMAPR00724,m,m,,product,Materii Prime Generale,0,1,TVA colectat 19% Bunuri,TVA deductibil 19% Bunuri
TEAVE CUPRU CS 22X1 (3M) FEINROHREN,EHMAPR00725,m,m,,product,Materii Prime Generale,0,1,TVA colectat 19% Bunuri,TVA deductibil 19% Bunuri
TEU EGAL 20 MM PPR ALB,EHMAPR00726,Units,Units,,product,Materii Prime Generale,0,1,TVA colectat 19% Bunuri,TVA deductibil 19% Bunuri
TEU EGAL 22,EHMAPR00727,Units,Units,,product,Materii Prime Generale,0,1,TVA colectat 19% Bunuri,TVA deductibil 19% Bunuri
TEU REDUS CS 22X22X18,EHMAPR00728,Units,Units,,product,Materii Prime Generale,0,1,TVA colectat 19% Bunuri,TVA deductibil 19% Bunuri
TIJA COMPLET FILETATA 1M DIN 975-4.8 M5,EHMAPR00729,Units,Units,,product,Materii Prime Generale,0,1,TVA colectat 19% Bunuri,TVA deductibil 19% Bunuri
TIJA FILETANTA M8X1M,EHMAPR00730,Units,Units,,product,Materii Prime Generale,0,1,TVA colectat 19% Bunuri,TVA deductibil 19% Bunuri
Tije Complet Filetate 1m DIN 975-4.8 - M 8 ZA,EHMAPR00731,Units,Units,,product,Materii Prime Generale,0,1,TVA colectat 19% Bunuri,TVA deductibil 19% Bunuri
TUB PP D50 CU 1 MUFA L2000,EHMAPR00732,Units,Units,,product,Materii Prime Generale,0,1,TVA colectat 19% Bunuri,TVA deductibil 19% Bunuri
CHEIE TUBULARA 14X15MM,EHOBIC00185,Units,Units,,product,Obiecte De Inventar,0,1,TVA colectat 19% Bunuri,TVA deductibil 19% Bunuri
CIOCAN ZIDARIE 1500G SPA,EHOBIC00186,Units,Units,,product,Obiecte De Inventar,0,1,TVA colectat 19% Bunuri,TVA deductibil 19% Bunuri
CLESTE DR IZOLAT 200MM D,EHOBIC00187,Units,Units,,product,Obiecte De Inventar,0,1,TVA colectat 19% Bunuri,TVA deductibil 19% Bunuri
CLESTE VARF ALUNGIT DEXT,EHOBIC00188,Units,Units,,product,Obiecte De Inventar,0,1,TVA colectat 19% Bunuri,TVA deductibil 19% Bunuri
DISPENSER JUMBO ABS ALB DP-1100JW2,EHOBIC00189,Units,Units,,product,Obiecte De Inventar,0,1,TVA colectat 19% Bunuri,TVA deductibil 19% Bunuri
DOZATOR SAPUN LICHID ALB MECO SDW36,EHOBIC00190,Units,Units,,product,Obiecte De Inventar,0,1,TVA colectat 19% Bunuri,TVA deductibil 19% Bunuri
"MULTIFUNCTIONAL HP M5035, A3 BW",EHOBIC00191,Units,Units,,product,Obiecte De Inventar,0,1,TVA colectat 19% Bunuri,TVA deductibil 19% Bunuri
